<?xml version="1.0" encoding="utf-8" ?>
<Patch>

	
	<Operation Class="PatchOperationAdd">
	  <xpath>*/ThingDef[@Name="AnimalThingBase"]/recipes</xpath>
	  <value>
      <li>InstallCFSimpleAniPaw</li>
	  <li>InstallCFSimpleAniSpine</li>
	  <li>InstallCFSimpleAniEye</li>
	  <li>InstallCFSimpleAniJaw</li>
	        <li>InstallCFBionicAniPaw</li>
	        <li>InstallCFBionicAniSpine</li>
	        <li>InstallCFBionicAniEye</li>
	        <li>InstallCFBionicAniJaw</li>
			<li>InstallCFBionicAniChip</li>
	  <li>InstallCFBionicAniHeart</li>
	  <li>InstallCFBionicAniLung</li>
	  <li>InstallCFBionicAniKidney</li>
	  <li>InstallCFBionicAniLiver</li>
	  <li>InstallCFBionicAniStomach</li>
	        <li>InstallCFArchoAniPaw</li>
	        <li>InstallCFArchoAniSpine</li>
	        <li>InstallCFArchoAniEye</li>
			<li>InstallCFArchoAniJaw</li>
	        <li>InstallCFArchoAniChip</li>
	  <!--li>InstallCFBattleAniPaw</li-->
	  <li>InstallCFBattleAniBody</li>
	  <li>InstallCFBattleAniHead</li>
	  <li>InstallCFBattleAniNeck</li>
	        <li>RepairBodyPart_CF</li>
	  <li>CureBodyPartQ_CF</li>
   	  <li>CureBodyPartW_CF</li>
	  <li>CureBodyPartE_CF</li>
	  <li>CureBodyPartR_CF</li>
	  <li>CureBodyPartT_CF</li>
	  <li>CureBodyPartY_CF</li>
	  <li>CureBodyPartU_CF</li>
	  <li>CureBodyPartI_CF</li>
	  <li>CureBodyPartO_CF</li>
	  <li>CureBodyPartP_CF</li>
	  <li>CureBodyPartA_CF</li>
	  <li>CureBodyPartS_CF</li>
	        <li>CureIllnessQ_CF</li>
			<li>CureIllnessW_CF</li>
			<li>CureIllnessE_CF</li>
			<li>CureIllnessR_CF</li>
			<li>CureIllnessT_CF</li>
			<li>CureIllnessY_CF</li>
			<li>CureIllnessU_CF</li>
      <li>CureSeriousIllnessQ_CF</li>
	  <li>CureSeriousIllnessW_CF</li>
	  <li>CureSeriousIllnessE_CF</li>
	  <li>CureSeriousIllnessR_CF</li>
	  <li>CureSeriousIllnessT_CF</li>
	  </value>
	</Operation>
	
	
	
	
	
	
	
	<!--Operation Class="PatchOperationSequence">
        <success>Always</success>
        <operations>
		    <li Class="PatchOperationTest">
				<xpath>*/RecipeDef[defName="InstallCFSimpleAniPaw"]/appliedOnFixedBodyParts</xpath>
				      <success>Always</success>
			</li>
		
            <li Class="PatchOperationAdd">
                <xpath>*/RecipeDef[defName = "InstallCFSimpleAniPaw"]/appliedOnFixedBodyParts</xpath>
            	<value>
	            <li>LLLO</li>
				</value>
			</li>
        </operations>
    </Operation-->
	
</Patch>