﻿<?xml version="1.0" encoding="utf-8" ?>
<Defs>

  <ThingCategoryDef>
    <defName>CF_AnimalProsthesesSimple</defName>
    <label>Animal prostheses</label>
    <parent>BodyParts</parent>
  </ThingCategoryDef>
  
  <ThingCategoryDef>
    <defName>CF_AnimalProsthesesArcho</defName>
    <label>Animal Archotech prostheses</label>
    <parent>BodyParts</parent>
  </ThingCategoryDef>
  

		<ThingDef ParentName="UnfinishedBase">
		<defName>Unfinished_CF_AnimalPart</defName>
		<label>Unfinished Animal part</label>
		<graphicData>
			<texPath>CF/UnfishedCF</texPath>
			<graphicClass>Graphic_Single</graphicClass>
			<drawSize>0.80</drawSize>
		</graphicData>
        <stuffCategories Inherit="false" />
	</ThingDef>
	
  	<!-- ============================== BASE ============================== -->
  
 <ThingDef Name="CF_SimpleProt" ParentName="BodyPartBase" Abstract="True">
    <graphicData>
      <texPath>CF/AnimSimpleProt</texPath>
      <graphicClass>Graphic_Single</graphicClass>
      <drawSize>0.80</drawSize>
    </graphicData>
		<thingCategories>
			<li>CF_AnimalProsthesesSimple</li>
		</thingCategories>
		<tradeTags>
			<li>CF_AnimalProsthesesSimple</li>
		</tradeTags>
		<statBases>
		<DeteriorationRate>1.5</DeteriorationRate>
		</statBases>	
    <recipeMaker>
      <workSpeedStat>GeneralLaborSpeed</workSpeedStat>
      <workSkill>Crafting</workSkill>
      <effectWorking>Smith</effectWorking>
      <soundWorking>Recipe_Machining</soundWorking>
      <recipeUsers>
        <li>AnimalLab</li>
      </recipeUsers>
      <skillRequirements>
        <Crafting>5</Crafting>
      </skillRequirements>
      <unfinishedThingDef>Unfinished_CF_AnimalPart</unfinishedThingDef>
      <researchPrerequisite>SimpleProtsAnimalsCF</researchPrerequisite>
    </recipeMaker>
  </ThingDef>
  
    <ThingDef Name="CF_BionicProt" ParentName="CF_SimpleProt" Abstract="True">
    <graphicData>
      <texPath>CF/AnimBionicProt</texPath>
      <graphicClass>Graphic_Single</graphicClass>
      <drawSize>0.80</drawSize>
    </graphicData>
    <recipeMaker>
      <skillRequirements>
        <Crafting>8</Crafting>
      </skillRequirements>
      <researchPrerequisite>AdvancedProtsAnimalsCF</researchPrerequisite>
    </recipeMaker>
  </ThingDef>
  
     <ThingDef Name="CF_BionicOrg" ParentName="CF_SimpleProt" Abstract="True">
    <graphicData>
      <texPath>CF/AnimBionicOrg</texPath>
      <graphicClass>Graphic_Single</graphicClass>
      <drawSize>0.80</drawSize>
    </graphicData>
    <recipeMaker>
      <skillRequirements>
        <Crafting>8</Crafting>
      </skillRequirements>
      <researchPrerequisite>AdvancedProtsAnimalsCF</researchPrerequisite>
    </recipeMaker>
  </ThingDef>

    <ThingDef Name="CF_ArchoProt" ParentName="BodyPartBase" Abstract="True">
    <graphicData>
      <texPath>CF/AnimArchoProt</texPath>
      <graphicClass>Graphic_Single</graphicClass>
      <drawSize>0.80</drawSize>
    </graphicData>
			<thingCategories>
			<li>CF_AnimalProsthesesArcho</li>
		</thingCategories>
		<tradeTags>
			<li>CF_AnimalProsthesesArcho</li>
		</tradeTags>
		<statBases>
		<DeteriorationRate>1.5</DeteriorationRate>
		</statBases>	
  </ThingDef>
  
  <ThingDef Name="CF_CombatProt" ParentName="CF_SimpleProt" Abstract="True">
    <graphicData>
      <texPath>CF/AnimWarProt</texPath>
      <graphicClass>Graphic_Single</graphicClass>
      <drawSize>0.80</drawSize>
    </graphicData>
    <recipeMaker>
      <skillRequirements>
        <Crafting>10</Crafting>
      </skillRequirements>
      <researchPrerequisite>BattleBoostersAnimalsCF</researchPrerequisite>
    </recipeMaker>
  </ThingDef>
  
  	<!-- ============================== SIMPLE ============================== -->
  
  <ThingDef ParentName="CF_SimpleProt">
    <defName>CFSimpleAniPaw</defName>
    <label>Prosthetic animal leg</label>
    <description>A steel prosthesis, used as leg or arm replacement. Modular structure allows for it to be adjusted to fit almost every type of animal. But do not expect that it will move fast with this thing.</description>
    <techLevel>Industrial</techLevel>
    <costList>
      <Steel>15</Steel>
      <ComponentIndustrial>1</ComponentIndustrial>
    </costList>
    <statBases>
      <WorkToMake>5000</WorkToMake>
      <Mass>4</Mass>
    </statBases>
	<recipeMaker>
      <researchPrerequisite>SimpleProtsAnimalsCF</researchPrerequisite>
    </recipeMaker>
    <techHediffsTags>
      <li>Simple</li>
    </techHediffsTags>
  </ThingDef>

    <ThingDef ParentName="CF_SimpleProt">
    <defName>CFSimpleAniSpine</defName>
    <label>Prosthetic animal spine</label>
    <description>Better than nothing, worse than a spine.</description>
    <techLevel>Industrial</techLevel>
    <costList>
      <Steel>25</Steel>
      <ComponentIndustrial>2</ComponentIndustrial>
    </costList>
		<recipeMaker>
      <researchPrerequisite>SimpleProtsAnimalsCF</researchPrerequisite>
    </recipeMaker>
    <statBases>
      <WorkToMake>5600</WorkToMake>
      <Mass>6</Mass>
    </statBases>
    <techHediffsTags>
      <li>Simple</li>
    </techHediffsTags>
  </ThingDef>
  
      <ThingDef ParentName="CF_SimpleProt">
    <defName>CFSimpleAniEye</defName>
    <label>Prosthetic animal eye</label>
    <description>A relatively simple device, attached to the nerves in a place of a missing eye. Partly restores vision.</description>
    <techLevel>Industrial</techLevel>
    <costList>
      <Steel>15</Steel>
      <ComponentIndustrial>1</ComponentIndustrial>
    </costList>
	<recipeMaker>
      <researchPrerequisite>SimpleProtsAnimalsCF</researchPrerequisite>
    </recipeMaker>
    <statBases>
      <WorkToMake>4500</WorkToMake>
      <Mass>0.5</Mass>
    </statBases>
    <techHediffsTags>
      <li>Simple</li>
    </techHediffsTags>
  </ThingDef>

    <ThingDef ParentName="CF_SimpleProt">
    <defName>CFSimpleAniJaw</defName>
    <label>Prosthetic animal jaw</label>
    <description>A steel jaw replacement. Servos allow to chew, but not as good or fast as before..</description>
    <techLevel>Industrial</techLevel>
    <costList>
      <Steel>20</Steel>
      <ComponentIndustrial>1</ComponentIndustrial>
    </costList>
	<recipeMaker>
      <researchPrerequisite>SimpleProtsAnimalsCF</researchPrerequisite>
    </recipeMaker>
    <statBases>
      <WorkToMake>4500</WorkToMake>
      <Mass>0.5</Mass>
    </statBases>
    <techHediffsTags>
      <li>Simple</li>
    </techHediffsTags>
  </ThingDef>

    	<!-- ============================== BIONIC  PROT ============================== -->
  
    <ThingDef ParentName="CF_BionicProt">
    <defName>CFBionicAniPaw</defName>
    <label>bionic animal leg</label>
    <description>An advanced hi-tech prosthesis, used as leg or arm replacement. Modular structure allows for it to be adjusted to fit almost every type of animal. Surpasses usual limb in almost every aspect.</description>
    <techLevel>Spacer</techLevel>
    <costList> 
      <Plasteel>10</Plasteel>
      <MiniComponentSpacer>1</MiniComponentSpacer>
    </costList>
    <statBases>
      <WorkToMake>10000</WorkToMake>
      <Mass>3</Mass>
    </statBases>
    <techHediffsTags>
      <li>Advanced</li>
    </techHediffsTags>
  </ThingDef>
  
      <ThingDef ParentName="CF_BionicProt">
    <defName>CFBionicAniSpine</defName>
    <label>bionic animal spine</label>
    <description>An advanced bionic spine. Surpasses the real one in almost every aspect.</description>
    <techLevel>Spacer</techLevel>
    <costList> 
      <Plasteel>15</Plasteel>
      <MiniComponentSpacer>2</MiniComponentSpacer>
    </costList>
    <statBases>
      <WorkToMake>10000</WorkToMake>
      <Mass>5</Mass>
    </statBases>
    <techHediffsTags>
      <li>Advanced</li>
    </techHediffsTags>
  </ThingDef>
  
    <ThingDef ParentName="CF_BionicProt">
    <defName>CFBionicAniEye</defName>
    <label>bionic animal eye</label>
    <description>An advanced bionic eye, plain and simple.</description>
    <techLevel>Spacer</techLevel>
    <costList> 
      <Plasteel>10</Plasteel>
      <MiniComponentSpacer>1</MiniComponentSpacer>
    </costList>
    <statBases>
      <WorkToMake>8000</WorkToMake>
      <Mass>1</Mass>
    </statBases>
    <techHediffsTags>
      <li>Advanced</li>
    </techHediffsTags>
  </ThingDef>
  
      <ThingDef ParentName="CF_BionicProt">
    <defName>CFBionicAniJaw</defName>
    <label>bionic animal jaw</label>
    <description>A light and powerful artificial jaw. With plasteel teeth your bite is finally worse than bark.</description>
    <techLevel>Spacer</techLevel>
    <costList> 
      <Plasteel>10</Plasteel>
      <MiniComponentSpacer>2</MiniComponentSpacer>
    </costList>
    <statBases>
      <WorkToMake>10000</WorkToMake>
      <Mass>4</Mass>
    </statBases>
    <techHediffsTags>
      <li>Advanced</li>
    </techHediffsTags>
  </ThingDef>
  
    <ThingDef ParentName="CF_BionicProt">
    <defName>CFBionicAniChip</defName>
    <label>Animal brain implant</label>
    <description>If your cyber dog has some brain issues, this should fix it. Also this will make it smarter..</description>
    <techLevel>Spacer</techLevel>
    <costList> 
      <Plasteel>25</Plasteel>
      <MiniComponentSpacer>3</MiniComponentSpacer>
    </costList>
    <statBases>
      <WorkToMake>11000</WorkToMake>
      <Mass>4</Mass>
    </statBases>
    <techHediffsTags>
      <li>Advanced</li>
    </techHediffsTags>
  </ThingDef>
  
      	<!-- ============================== BIONIC  ORG ============================== -->
		
    
    <ThingDef ParentName="CF_BionicOrg">
    <defName>CFBionicAniHeart</defName>
    <label>bionic animal heart</label>
    <description>An advanced prosthetic heart. Fully substitutes real heart and performs even better in some cases..</description>
    <techLevel>Spacer</techLevel>
    <costList> 
      <Plasteel>5</Plasteel>
	  <ComponentIndustrial>1</ComponentIndustrial>
      <MiniComponentSpacer>1</MiniComponentSpacer>
    </costList>
    <statBases>
      <WorkToMake>9000</WorkToMake>
      <Mass>3</Mass>
    </statBases>
    <techHediffsTags>
      <li>Advanced</li>
    </techHediffsTags>
  </ThingDef>
  
    <ThingDef ParentName="CF_BionicOrg">
    <defName>CFBionicAniLung</defName>
    <label>bionic animal lung</label>
    <description>An advanced respiratory organ that works better than a real lung.</description>
    <techLevel>Spacer</techLevel>
    <costList> 
      <Plasteel>5</Plasteel>
	  <ComponentIndustrial>1</ComponentIndustrial>
      <MiniComponentSpacer>1</MiniComponentSpacer>
    </costList>
    <statBases>
      <WorkToMake>9000</WorkToMake>
      <Mass>3</Mass>
    </statBases>
    <techHediffsTags>
      <li>Advanced</li>
    </techHediffsTags>
  </ThingDef>
  
    <ThingDef ParentName="CF_BionicOrg">
    <defName>CFBionicAniKidney</defName>
    <label>bionic animal kidney</label>
    <description>Thanks to a hi-tech filtration system, it filters blood better, protecting the animal from diseases.</description>
    <techLevel>Spacer</techLevel>
    <costList> 
      <Plasteel>5</Plasteel>
	  <ComponentIndustrial>1</ComponentIndustrial>
      <MiniComponentSpacer>1</MiniComponentSpacer>
    </costList>
    <statBases>
      <WorkToMake>9000</WorkToMake>
      <Mass>3</Mass>
    </statBases>
    <techHediffsTags>
      <li>Advanced</li>
    </techHediffsTags>
  </ThingDef>
  
    <ThingDef ParentName="CF_BionicOrg">
    <defName>CFBionicAniLiver</defName>
    <label>bionic animal liver</label>
    <description>An advanced bioelectronic device that filters blood better than normal liver, strengthening the immune system.</description>
    <techLevel>Spacer</techLevel>
    <costList> 
      <Plasteel>5</Plasteel>
	  <ComponentIndustrial>1</ComponentIndustrial>
      <MiniComponentSpacer>1</MiniComponentSpacer>
    </costList>
    <statBases>
      <WorkToMake>9000</WorkToMake>
      <Mass>3</Mass>
    </statBases>
    <techHediffsTags>
      <li>Advanced</li>
    </techHediffsTags>
  </ThingDef>
  
    <ThingDef ParentName="CF_BionicOrg">
    <defName>CFBionicAniStomach</defName>
    <label>bionic animal stomach</label>
    <description>A strong bioelectronic stomach that digests food better and faster.</description>
    <techLevel>Spacer</techLevel>
    <costList> 
      <Plasteel>5</Plasteel>
	  <ComponentIndustrial>1</ComponentIndustrial>
      <MiniComponentSpacer>1</MiniComponentSpacer>
    </costList>
    <statBases>
      <WorkToMake>9000</WorkToMake>
      <Mass>3</Mass>
    </statBases>
    <techHediffsTags>
      <li>Advanced</li>
    </techHediffsTags>
  </ThingDef>
  
      	<!-- ============================== ARCHO  PROT ============================== -->
  
    <ThingDef ParentName="CF_ArchoProt">
    <defName>CFArchoAniPaw</defName>
    <label>Archotech animal leg</label>
    <description>An artificial limb made by an archotech. Somehow it shapes itself to fit any animal it's attached to, except human. Extremely strong and powerful, it can turn the carrier into a killing machine. Yes, a killing machine squirrel too.</description>
    <techLevel>Archotech</techLevel>
    <statBases>
      <MarketValue>1100</MarketValue>
      <Mass>3</Mass>
    </statBases>
    <techHediffsTags>
      <li>Advanced</li>
    </techHediffsTags>
  </ThingDef>
  
    <ThingDef ParentName="CF_ArchoProt">
    <defName>CFArchoAniSpine</defName>
    <label>Archotech animal spine</label>
    <description>An artificial archotech spine. Being implanted into the body, it boosts the productivity of almost every cell.</description>
    <techLevel>Archotech</techLevel>
    <statBases>
      <MarketValue>1400</MarketValue>
      <Mass>5</Mass>
    </statBases>
    <techHediffsTags>
      <li>Advanced</li>
    </techHediffsTags>
  </ThingDef>
  
    <ThingDef ParentName="CF_ArchoProt">
    <defName>CFArchoAniEye</defName>
    <label>Archotech animal eye</label>
    <description>An artificial eye, built by an archotech. Somehow it shapes itself to fit any animal's eyesocket, except human's. Greatly increases vision. Unknown, whether it lacks other archotech eye functionality, or the animals just don't know how to use it.</description>
    <techLevel>Archotech</techLevel>
    <statBases>
      <MarketValue>1200</MarketValue>
      <Mass>1</Mass>
    </statBases>
    <techHediffsTags>
      <li>Advanced</li>
    </techHediffsTags>
	 </ThingDef>
	 
	<ThingDef ParentName="CF_ArchoProt">
    <defName>CFArchoAniJaw</defName>
    <label>Archotech animal jaw</label>
    <description>An artificial archotech jaw. Changes the animal's metabolism, making it require very small amount of food to live. Also its bite can penetrate even plasteel.</description>
    <techLevel>Archotech</techLevel>
    <statBases>
      <MarketValue>1400</MarketValue>
      <Mass>2</Mass>
    </statBases>
    <techHediffsTags>
      <li>Advanced</li>
    </techHediffsTags>
	 </ThingDef>
	 
	<ThingDef ParentName="CF_ArchoProt">
    <defName>CFArchoAniChip</defName>
    <label>Archotech animal brain</label>
    <description>An immensely powerful artificial brain, but for some reason with a very advanced mind inside.</description>
    <techLevel>Archotech</techLevel>
    <statBases>
      <MarketValue>1500</MarketValue>
      <Mass>2</Mass>
    </statBases>
    <techHediffsTags>
      <li>Advanced</li>
    </techHediffsTags>
     </ThingDef>
	 
<!-- ============================== BATTLE  PROT ============================== -->

    <!--ThingDef ParentName="CF_CombatProt">
    <defName>CFBattleAniPaw</defName>
    <label>Animal leg battle booster</label>
    <description>Battle booster is a set of mechanite-enhanced microfibers, designed to raise animal's combat power. This one should be implanted into animal leg. When there is a risk of being wounded, mechanites strengthen body tissues, reducing incoming damage. The booster is absolutely harmless to animal, we guarantee it.</description>
    <techLevel>Spacer</techLevel>
    <costList> 
      <Plasteel>15</Plasteel>
      <ComponentSpacer>2</ComponentSpacer>
	  <Luciferium>2</Luciferium>
    </costList>
    <statBases>
      <WorkToMake>12000</WorkToMake>
      <Mass>1</Mass>
    </statBases>
    <techHediffsTags>
      <li>Advanced</li>
    </techHediffsTags>
  </ThingDef-->
  
    <ThingDef ParentName="CF_CombatProt">
    <defName>CFBattleAniBody</defName>
    <label>Animal body battle booster</label>
    <description>Battle booster is a set of mechanite-enhanced microfibers, designed to raise animal's combat power. This one should be implanted into animal body. When there is a risk of being wounded, mechanites strengthen body tissues, reducing incoming damage. The booster is absolutely harmless to animal, we guarantee it.</description>
    <techLevel>Spacer</techLevel>
    <costList> 
      <Plasteel>30</Plasteel>
      <MiniComponentSpacer>2</MiniComponentSpacer>
	  <Luciferium>4</Luciferium>
    </costList>
    <statBases>
      <WorkToMake>15000</WorkToMake>
      <Mass>2</Mass>
    </statBases>
    <techHediffsTags>
      <li>Advanced</li>
    </techHediffsTags>
  </ThingDef>
  
    <ThingDef ParentName="CF_CombatProt">
    <defName>CFBattleAniHead</defName>
    <label>Animal head battle booster</label>
    <description>Battle booster is a set of mechanite-enhanced microfibers, designed to raise animal's combat power. This one should be implanted into animal head. When there is a risk of being wounded, mechanites strengthen body tissues, reducing incoming damage. The booster is absolutely harmless to animal, we guarantee it.</description>
    <techLevel>Spacer</techLevel>
    <costList> 
      <Plasteel>25</Plasteel>
      <MiniComponentSpacer>2</MiniComponentSpacer>
	  <Luciferium>3</Luciferium>
    </costList>
    <statBases>
      <WorkToMake>12000</WorkToMake>
      <Mass>1</Mass>
    </statBases>
    <techHediffsTags>
      <li>Advanced</li>
    </techHediffsTags>
  </ThingDef>

    <ThingDef ParentName="CF_CombatProt">
    <defName>CFBattleAniNeck</defName>
    <label>Animal neck battle booster</label>
    <description>Battle booster is a set of mechanite-enhanced microfibers, designed to raise animal's combat power. This one should be implanted into animal neck. When there is a risk of being wounded, mechanites strengthen body tissues, reducing incoming damage. The booster is absolutely harmless to animal, we guarantee it.</description>
    <techLevel>Spacer</techLevel>
    <costList> 
      <Plasteel>15</Plasteel>
      <MiniComponentSpacer>1</MiniComponentSpacer>
	  <Luciferium>2</Luciferium>
    </costList>
    <statBases>
      <WorkToMake>9000</WorkToMake>
      <Mass>1</Mass>
    </statBases>
    <techHediffsTags>
      <li>Advanced</li>
    </techHediffsTags>
  </ThingDef>




  <ThingDef ParentName="ResourceBase">
    <defName>MiniComponentSpacer</defName>
    <label>Advanced mini component</label>
    <description>Mini-Advanced computing and energy-directing machinery for animal prosthetic.</description>
    <graphicData>
      <texPath>Things/Item/Resource/ComponentSpacer</texPath>
      <graphicClass>Graphic_StackCount</graphicClass>
	  <drawSize>0.75</drawSize>
	  <color>(0.9, 0.9, 0.5)</color>
    </graphicData>
    <soundInteract>Metal_Drop</soundInteract>
    <soundDrop>Standard_Drop</soundDrop>
    <stackLimit>50</stackLimit>
    <healthAffectsPrice>false</healthAffectsPrice>
    <statBases>
      <MaxHitPoints>40</MaxHitPoints>
      <MarketValue>65</MarketValue>
      <Mass>0.2</Mass>
      <Flammability>0.6</Flammability>
      <DeteriorationRate>2.0</DeteriorationRate>
    </statBases>
    <intricate>true</intricate>
    <thingCategories>
      <li>Manufactured</li>
    </thingCategories>
    <tradeTags>
      <li>ExoticMisc</li>
    </tradeTags>
    <thingSetMakerTags><li>RewardStandardHighFreq</li></thingSetMakerTags>
  </ThingDef>
  
  <RecipeDef>
    <defName>Make_MiniComponentSpacer</defName>
    <label>make advanced Mini component x3</label>
    <description>Make an advanced Mini component.</description>
    <jobString>Making advanced Mini component.</jobString>
    <workSpeedStat>GeneralLaborSpeed</workSpeedStat>
    <effectWorking>Cook</effectWorking>
    <soundWorking>Recipe_Machining</soundWorking>
    <workAmount>8000</workAmount>
    <unfinishedThingDef>UnfinishedComponent</unfinishedThingDef>
	    <recipeUsers>
      <li>FabricationBench</li>
      <li>AnimalLab</li>
    </recipeUsers>
    <ingredients>
      <li>
        <filter>
          <thingDefs>
            <li>ComponentIndustrial</li>
          </thingDefs>
        </filter>
        <count>1</count>
      </li>
      <li>
        <filter>
          <thingDefs>
            <li>Steel</li>
          </thingDefs>
        </filter>
        <count>20</count>
      </li>
      <li>
        <filter>
          <thingDefs>
            <li>Plasteel</li>
          </thingDefs>
        </filter>
        <count>10</count>
      </li>
      <li>
        <filter>
          <thingDefs>
            <li>Gold</li>
          </thingDefs>
        </filter>
        <count>0.3</count>
      </li>
    </ingredients>
    <fixedIngredientFilter>
      <thingDefs>
        <li>ComponentIndustrial</li>
        <li>Steel</li>
        <li>Plasteel</li>
        <li>Gold</li>
      </thingDefs>
    </fixedIngredientFilter>
    <products>
      <MiniComponentSpacer>3</MiniComponentSpacer>
    </products>
    <researchPrerequisite>AdvancedFabrication</researchPrerequisite>
    <skillRequirements>
      <Crafting>8</Crafting>
    </skillRequirements>
    <workSkill>Crafting</workSkill>
  </RecipeDef>



</Defs>
