﻿<?xml version="1.0" encoding="utf-8" ?>
<Defs>
  <!-- Added body parts -->

  <HediffDef Name="AddedBodyPart_CF" Abstract="True">
    <hediffClass>Hediff_AddedPart</hediffClass>
    <defaultLabelColor>(132,176,224)</defaultLabelColor>
    <isBad>false</isBad>
  </HediffDef>
  
  <HediffDef Name="AddedBodyPart_CFB" Abstract="True">
    <hediffClass>Hediff_AddedPart</hediffClass>
    <defaultLabelColor>(130,141,221)</defaultLabelColor>
    <isBad>false</isBad>
  </HediffDef>
  
  <HediffDef Name="AddedBodyPart_CFO" Abstract="True">
    <hediffClass>Hediff_AddedPart</hediffClass>
    <defaultLabelColor>(168,130,221)</defaultLabelColor>
    <isBad>false</isBad>
  </HediffDef>
  
  <HediffDef Name="AddedBodyPart_CFA" Abstract="True">
    <hediffClass>Hediff_AddedPart</hediffClass>
    <defaultLabelColor>(202,94,219)</defaultLabelColor>
    <isBad>false</isBad>
  </HediffDef>
  
    <HediffDef Name="AddedBodyPart_CFBB" Abstract="True">
    <hediffClass>Hediff_Implant</hediffClass>
    <defaultLabelColor>(211,48,143)</defaultLabelColor>
    <isBad>false</isBad>
  </HediffDef>

  	  	<!-- ============================== SIMPLE ============================== -->
  
  <HediffDef ParentName="AddedBodyPart_CF">
    <defName>CFSimpleAniPawHed</defName>
    <label>prosthetic animal leg</label>
    <labelNoun>a prosthetic animal leg</labelNoun>
	<description>An installed animal leg.</description>
		<comps>
		<li Class="HediffCompProperties_VerbGiver">
				<tools><li>
				<label>simple animal paw</label>
				<capacities>
				<li>Scratch</li>
				</capacities>
				<power>15</power>
				<cooldownTime>2</cooldownTime>
				<alwaysTreatAsWeapon>false</alwaysTreatAsWeapon>
		</li></tools></li>
		</comps>
    <addedPartProps>
      <solid>true</solid>
      <partEfficiency>0.8</partEfficiency>
      <betterThanNatural>false</betterThanNatural>
    </addedPartProps>
    <spawnThingOnRemoved>CFSimpleAniPaw</spawnThingOnRemoved>
  </HediffDef>

    <HediffDef ParentName="AddedBodyPart_CF">
    <defName>CFSimpleAniSpineHed</defName>
    <label>prosthetic animal spine</label>
    <labelNoun>a prosthetic animal spine</labelNoun>
	<description>An installed animal spine.</description>
    <addedPartProps>
      <solid>true</solid>
      <partEfficiency>0.8</partEfficiency>
      <betterThanNatural>false</betterThanNatural>
    </addedPartProps>
    <spawnThingOnRemoved>CFSimpleAniSpine</spawnThingOnRemoved>
  </HediffDef>
  
      <HediffDef ParentName="AddedBodyPart_CF">
    <defName>CFSimpleAniEyeHed</defName>
    <label>prosthetic animal eye</label>
    <labelNoun>a prosthetic animal eye</labelNoun>
	<description>An installed animal eye.</description>
    <addedPartProps>
      <solid>true</solid>
      <partEfficiency>0.8</partEfficiency>
      <betterThanNatural>false</betterThanNatural>
    </addedPartProps>
    <spawnThingOnRemoved>CFSimpleAniEye</spawnThingOnRemoved>
  </HediffDef>
  
    <HediffDef ParentName="AddedBodyPart_CF">
    <defName>CFSimpleAniJawHed</defName>
    <label>prosthetic animal jaw</label>
    <labelNoun>a prosthetic animal jaw</labelNoun>
	<description>An installed animal jaw.</description>
		<comps>
		<li Class="HediffCompProperties_VerbGiver">
		     <tools><li>
             <label>teeth</label>
             <capacities>
             <li>Bite</li>
             </capacities>
             <power>18</power>
             <cooldownTime>2</cooldownTime>
             <linkedBodyPartsGroup>Teeth</linkedBodyPartsGroup>
             <!--chanceFactor>0.3</chanceFactor-->
        </li></tools></li>
		</comps>
    <addedPartProps>
      <solid>true</solid>
      <partEfficiency>0.8</partEfficiency>
      <betterThanNatural>false</betterThanNatural>
    </addedPartProps>
    <spawnThingOnRemoved>CFSimpleAniJaw</spawnThingOnRemoved>
  </HediffDef>
  
  	<!-- ============================== BIONIC  PROT ============================== -->
	
	<HediffDef ParentName="AddedBodyPart_CFB">
    <defName>CFBionicAniPawHed</defName>
    <label>bionic animal leg</label>
    <labelNoun>a bionic animal paw</labelNoun>
	<description>An installed bionic animal paw.</description>
		<comps>
		<li Class="HediffCompProperties_VerbGiver">
				<tools><li>
				<label>bionic animal paw</label>
				<capacities>
				<li>Scratch</li>
				</capacities>
				<power>27</power>
				<cooldownTime>2</cooldownTime>
				<alwaysTreatAsWeapon>false</alwaysTreatAsWeapon>
		</li></tools></li>
		</comps>
	<stages>
		<li><capMods><li>
               <capacity>Manipulation</capacity>
               <offset>0.05</offset>
		</li></capMods></li>	 
    </stages>
    <addedPartProps>
      <solid>true</solid>
      <partEfficiency>1.25</partEfficiency>
      <betterThanNatural>false</betterThanNatural>
    </addedPartProps>
    <spawnThingOnRemoved>CFBionicAniPaw</spawnThingOnRemoved>
  </HediffDef>
	
	<HediffDef ParentName="AddedBodyPart_CFB">
    <defName>CFBionicAniSpineHed</defName>
    <label>bionic animal spine</label>
    <labelNoun>a bionic animal spine</labelNoun>
	<description>An installed bionic animal spine.</description>
	<stages>
		<li><capMods><li>
               <capacity>Manipulation</capacity>
               <offset>0.15</offset>
		</li></capMods></li>	 
    </stages>
    <addedPartProps>
      <solid>true</solid>
      <partEfficiency>1.25</partEfficiency>
      <betterThanNatural>false</betterThanNatural>
    </addedPartProps>
    <spawnThingOnRemoved>CFBionicAniSpine</spawnThingOnRemoved>
  </HediffDef>
  
  	<HediffDef ParentName="AddedBodyPart_CFB">
    <defName>CFBionicAniEyeHed</defName>
    <label>bionic animal eye</label>
    <labelNoun>a bionic animal eye</labelNoun>
	<description>An installed bionic animal eye.</description>
    <addedPartProps>
      <solid>true</solid>
      <partEfficiency>1.25</partEfficiency>
      <betterThanNatural>false</betterThanNatural>
    </addedPartProps>
    <spawnThingOnRemoved>CFBionicAniEye</spawnThingOnRemoved>
  </HediffDef>
	
	<HediffDef ParentName="AddedBodyPart_CFB">
    <defName>CFBionicAniJawHed</defName>
    <label>bionic animal jaw</label>
    <labelNoun>a bionic animal jaw</labelNoun>
	<description>An installed bionic animal jaw.</description>
		<comps>
		<li Class="HediffCompProperties_VerbGiver">
		     <tools><li>
             <label>teeth</label>
             <capacities>
             <li>Bite</li>
             </capacities>
             <power>33</power>
             <cooldownTime>2</cooldownTime>
             <linkedBodyPartsGroup>Teeth</linkedBodyPartsGroup>
             <!--chanceFactor>0.3</chanceFactor-->
        </li></tools></li>
		</comps>
    <addedPartProps>
      <solid>true</solid>
      <partEfficiency>1.25</partEfficiency>
      <betterThanNatural>false</betterThanNatural>
    </addedPartProps>
    <spawnThingOnRemoved>CFBionicAniJaw</spawnThingOnRemoved>
  </HediffDef>
	
	<HediffDef ParentName="AddedBodyPart_CFB">
    <defName>CFBionicAniChipHed</defName>
    <label>animal brain implant</label>
    <labelNoun>a animal brain implant</labelNoun>
	<description>An installed animal brain implant.</description>
	<stages>
		<li><capMods><li>
               <capacity>Hearing</capacity>
               <offset>0.25</offset>
		</li></capMods></li>	 
    </stages>
    <addedPartProps>
      <solid>true</solid>
      <partEfficiency>1.25</partEfficiency>
      <betterThanNatural>false</betterThanNatural>
    </addedPartProps>
    <spawnThingOnRemoved>CFBionicAniChip</spawnThingOnRemoved>
  </HediffDef>
	
		<!-- ============================== BIONIC  ORG ============================== -->
	<HediffDef ParentName="AddedBodyPart_CFO">
    <defName>CFBionicAniHeartHed</defName>
    <label>bionic animal heart</label>
    <labelNoun>a bionic animal heart</labelNoun>
	<description>An installed bionic animal heart.</description>
    <addedPartProps>
      <solid>true</solid>
      <partEfficiency>1.25</partEfficiency>
      <betterThanNatural>false</betterThanNatural>
    </addedPartProps>
    <spawnThingOnRemoved>CFBionicAniHeart</spawnThingOnRemoved>
  </HediffDef>	
		
  	<HediffDef ParentName="AddedBodyPart_CFO">
    <defName>CFBionicAniLungHed</defName>
    <label>bionic animal lung</label>
    <labelNoun>a bionic animal lung</labelNoun>
	<description>An installed bionic animal lung.</description>
    <addedPartProps>
      <solid>true</solid>
      <partEfficiency>1.25</partEfficiency>
      <betterThanNatural>false</betterThanNatural>
    </addedPartProps>
    <spawnThingOnRemoved>CFBionicAniLung</spawnThingOnRemoved>
  </HediffDef>	
  
  	<HediffDef ParentName="AddedBodyPart_CFO">
    <defName>CFBionicAniKidneyHed</defName>
    <label>bionic animal kidney</label>
    <labelNoun>a bionic animal kidney</labelNoun>
	<description>An installed bionic animal kidney.</description>
    <addedPartProps>
      <solid>true</solid>
      <partEfficiency>1.25</partEfficiency>
      <betterThanNatural>false</betterThanNatural>
    </addedPartProps>
    <spawnThingOnRemoved>CFBionicAniKidney</spawnThingOnRemoved>
  </HediffDef>	
  
  	<HediffDef ParentName="AddedBodyPart_CFO">
    <defName>CFBionicAniLiverHed</defName>
    <label>bionic animal liver</label>
    <labelNoun>a bionic animal liver</labelNoun>
	<description>An installed bionic animal liver.</description>
    <addedPartProps>
      <solid>true</solid>
      <partEfficiency>1.25</partEfficiency>
      <betterThanNatural>false</betterThanNatural>
    </addedPartProps>
    <spawnThingOnRemoved>CFBionicAniLiver</spawnThingOnRemoved>
  </HediffDef>	
  
  	<HediffDef ParentName="AddedBodyPart_CFO">
    <defName>CFBionicAniStomachHed</defName>
    <label>bionic animal stomach</label>
    <labelNoun>a bionic animal stomach</labelNoun>
	<description>An installed bionic animal stomach.</description>
	<addedPartProps>
      <solid>true</solid>
      <partEfficiency>1.25</partEfficiency>
      <betterThanNatural>false</betterThanNatural>
    </addedPartProps>
    <spawnThingOnRemoved>CFBionicAniStomach</spawnThingOnRemoved>
  </HediffDef>	
  
  		<!-- ============================== ARCHO  PROT ============================== -->
  
    <HediffDef ParentName="AddedBodyPart_CFA">
    <defName>CFArchoAniPawHed</defName>
    <label>archotech animal paw</label>
    <labelNoun>a archotech animal paw</labelNoun>
	<description>An installed archotech animal paw.</description>
		<comps>
		<li Class="HediffCompProperties_VerbGiver">
				<tools><li>
				<label>archo animal paw</label>
				<capacities>
				<li>Scratch</li>
				</capacities>
				<power>42</power>
				<cooldownTime>1.5</cooldownTime>
				<alwaysTreatAsWeapon>false</alwaysTreatAsWeapon>
		</li></tools></li>
		</comps>
	<stages>
		<li><capMods><li>
               <capacity>Manipulation</capacity>
               <offset>0.2</offset>
		</li></capMods></li>	 
    </stages>
    <addedPartProps>
      <solid>true</solid>
      <partEfficiency>2</partEfficiency>
      <betterThanNatural>false</betterThanNatural>
    </addedPartProps>
    <spawnThingOnRemoved>CFArchoAniPaw</spawnThingOnRemoved>
  </HediffDef>
  
    <HediffDef ParentName="AddedBodyPart_CFA">
    <defName>CFArchoAniSpineHed</defName>
    <label>archotech animal spine</label>
    <labelNoun>a archotech animal spine</labelNoun>
	<description>An installed archotech animal spine.</description>
      <stages>
		<li><capMods>
            <li><capacity>Manipulation</capacity>
               <offset>0.15</offset></li>
			<li><capacity>Breathing</capacity>
               <offset>0.15</offset></li>
			<li><capacity>BloodFiltration</capacity>
               <offset>0.15</offset></li>
			<li><capacity>BloodPumping</capacity>
               <offset>0.15</offset></li>
			<li><capacity>Metabolism</capacity>
               <offset>0.15</offset></li>
			<li><capacity>Eating</capacity>
               <offset>0.15</offset></li>
         </capMods></li>	 
      </stages>
    <addedPartProps>
      <solid>true</solid>
      <partEfficiency>2</partEfficiency>
      <betterThanNatural>false</betterThanNatural>
    </addedPartProps>
    <spawnThingOnRemoved>CFArchoAniSpine</spawnThingOnRemoved>
  </HediffDef>
  
    <HediffDef ParentName="AddedBodyPart_CFA">
    <defName>CFArchoAniEyeHed</defName>
    <label>archotech animal eye</label>
    <labelNoun>a archotech animal eye</labelNoun>
	<description>An installed archotech animal eye.</description>
    <addedPartProps>
      <solid>true</solid>
      <partEfficiency>2</partEfficiency>
      <betterThanNatural>false</betterThanNatural>
    </addedPartProps>
    <spawnThingOnRemoved>CFArchoAniEye</spawnThingOnRemoved>
  </HediffDef>
  
  	<HediffDef ParentName="AddedBodyPart_CFA">
    <defName>CFArchoAniJawHed</defName>
    <label>archotech animal jaw</label>
    <labelNoun>a archotech animal jaw</labelNoun>
	<description>An installed archotech animal jaw.</description>
		<comps>
		<li Class="HediffCompProperties_VerbGiver">
		     <tools><li>
             <label>teeth</label>
             <capacities>
             <li>Bite</li>
             </capacities>
             <power>54</power>
             <cooldownTime>1.5</cooldownTime>
             <linkedBodyPartsGroup>Teeth</linkedBodyPartsGroup>
             <!--chanceFactor>0.4</chanceFactor-->
        </li></tools></li>
		</comps>
	<stages>
      <li><hungerRateFactorOffset>-0.9</hungerRateFactorOffset></li>
    </stages>
    <addedPartProps>
      <solid>true</solid>
      <partEfficiency>2</partEfficiency>
      <betterThanNatural>false</betterThanNatural>
    </addedPartProps>
    <spawnThingOnRemoved>CFArchoAniJaw</spawnThingOnRemoved>
  </HediffDef>
  
    <HediffDef ParentName="AddedBodyPart_CFA">
    <defName>CFArchoAniChipHed</defName>
    <label>archotech animal brain</label>
    <labelNoun>a archotech animal brain</labelNoun>
	<description>An installed archotech animal brain.</description>
		<stages>
		<li><capMods><li>
               <capacity>Hearing</capacity>
               <offset>0.5</offset>
		</li>
		<li><capacity>Moving</capacity>
               <offset>0.5</offset>
		</li></capMods></li>	 
    </stages>
    <addedPartProps>
      <solid>true</solid>
      <partEfficiency>2</partEfficiency>
      <betterThanNatural>false</betterThanNatural>
    </addedPartProps>
    <spawnThingOnRemoved>CFArchoAniChip</spawnThingOnRemoved>
  </HediffDef>
  
  	<!-- ============================== BATTLE  PROT ============================== -->
	
	<!--HediffDef ParentName="AddedBodyPart_CFBB">
    <defName>CFBattleAniPawHed</defName>
    <label>animal leg battle booster</label>
    <labelNoun>a animal leg battle booster</labelNoun>
	<stages>
		<li>
			<statOffsets>
			<ArmorRating_Sharp>0.15</ArmorRating_Sharp>
			<ArmorRating_Blunt>0.1</ArmorRating_Blunt>
			<ArmorRating_Heat>0.1</ArmorRating_Heat>
			</statOffsets>
		</li>	 
    </stages>
    <spawnThingOnRemoved>CFBattleAniPaw</spawnThingOnRemoved>
  </HediffDef-->
  
  	<HediffDef ParentName="AddedBodyPart_CFBB">
    <defName>CFBattleAniBodyHed</defName>
    <label>animal body battle booster</label>
    <labelNoun>a animal body battle booster</labelNoun>
	<description>An installed animal body battle booster.</description>
	<stages>
		<li>
			<statOffsets>
			<ArmorRating_Sharp>0.9</ArmorRating_Sharp>
			<ArmorRating_Blunt>0.5</ArmorRating_Blunt>
			<ArmorRating_Heat>0.7</ArmorRating_Heat>
			</statOffsets>
		</li>	 
    </stages>
    <spawnThingOnRemoved>CFBattleAniBody</spawnThingOnRemoved>
  </HediffDef>
  
  	<HediffDef ParentName="AddedBodyPart_CFBB">
    <defName>CFBattleAniHeadHed</defName>
    <label>animal head battle booster</label>
    <labelNoun>a animal head battle booster</labelNoun>
	<description>An installed animal head battle booster.</description>
	<stages>
		<li>
			<statOffsets>
			<ArmorRating_Sharp>0.5</ArmorRating_Sharp>
			<ArmorRating_Blunt>0.3</ArmorRating_Blunt>
			<ArmorRating_Heat>0.4</ArmorRating_Heat>
			</statOffsets>
		</li>	 
    </stages>
    <spawnThingOnRemoved>CFBattleAniHead</spawnThingOnRemoved>
  </HediffDef>
  
    	<HediffDef ParentName="AddedBodyPart_CFBB">
    <defName>CFBattleAniNeckHed</defName>
    <label>animal neck battle booster</label>
    <labelNoun>a animal neck battle booster</labelNoun>
	<description>An installed animal neck battle booster.</description>
	<stages>
		<li>
			<statOffsets>
			<ArmorRating_Sharp>0.4</ArmorRating_Sharp>
			<ArmorRating_Blunt>0.2</ArmorRating_Blunt>
			<ArmorRating_Heat>0.3</ArmorRating_Heat>
			</statOffsets>
		</li>	 
    </stages>
    <spawnThingOnRemoved>CFBattleAniNeck</spawnThingOnRemoved>
  </HediffDef>
  
</Defs>
