<?xml version="1.0" encoding="utf-8"?>
<Defs>




	
	<RecipeDef Name="SurgeryCF_Simple" ParentName="SurgeryFlesh" Abstract="True">
		<surgerySuccessChanceFactor>1.35</surgerySuccessChanceFactor>
		<workAmount>3500</workAmount>
    <skillRequirements>
      <Medicine>4</Medicine>
    </skillRequirements>
	</RecipeDef>
	
	<RecipeDef Name="SurgeryCF_Bionic" ParentName="SurgeryFlesh" Abstract="True">
		<surgerySuccessChanceFactor>1.2</surgerySuccessChanceFactor>
		<workAmount>4500</workAmount>
    <skillRequirements>
      <Medicine>6</Medicine>
    </skillRequirements>
	</RecipeDef>
	
	<RecipeDef Name="SurgeryCF_Archo" ParentName="SurgeryFlesh" Abstract="True">
		<surgerySuccessChanceFactor>1.25</surgerySuccessChanceFactor>
		<workAmount>4800</workAmount>
    <skillRequirements>
      <Medicine>7</Medicine>
    </skillRequirements>
	</RecipeDef>
	
	<RecipeDef Name="SurgeryCF_Battle" ParentName="SurgeryFlesh" Abstract="True">
		<surgerySuccessChanceFactor>2</surgerySuccessChanceFactor>
		<workAmount>4800</workAmount>
    <skillRequirements>
      <Medicine>8</Medicine>
    </skillRequirements>
	</RecipeDef>

	  	<!-- ============================== SIMPLE ============================== -->

	<RecipeDef ParentName="SurgeryCF_Simple">
		<defName>InstallCFSimpleAniPaw</defName>
		<label>&lt;color=#99BADD&gt;Install prosthetic animal leg&lt;/color&gt;</label>
		<description>Install prosthetic animal leg</description>
		<workerClass>Recipe_InstallArtificialBodyPart</workerClass>
		<jobString>Installing prosthetic animal leg.</jobString>
		<ingredients>
			<li><filter><categories><li>Medicine</li></categories></filter><count>2</count></li>
			<li><filter><thingDefs><li>CFSimpleAniPaw</li></thingDefs></filter><count>1</count></li>
		</ingredients>
		<fixedIngredientFilter>
			<categories>
				<li>Medicine</li>
			</categories>
			<thingDefs>
				<li>CFSimpleAniPaw</li>
			</thingDefs>
		</fixedIngredientFilter>
		<appliedOnFixedBodyParts>
			<li>InsectLeg</li>
			<li>Leg</li>
			<li>Shoulder</li>
		</appliedOnFixedBodyParts>
		<addsHediff>CFSimpleAniPawHed</addsHediff>
	</RecipeDef>
	
		<RecipeDef ParentName="SurgeryCF_Simple">
		<defName>InstallCFSimpleAniSpine</defName>
		<label>&lt;color=#99BADD&gt;Install prosthetic animal spine&lt;/color&gt;</label>
		<description>install prosthetic animal spine.</description>
		<workerClass>Recipe_InstallArtificialBodyPart</workerClass>
		<jobString>Installing prosthetic animal spine.</jobString>
		<ingredients>
			<li><filter><categories><li>Medicine</li></categories></filter><count>2</count></li>
			<li><filter><thingDefs><li>CFSimpleAniSpine</li></thingDefs></filter><count>1</count></li>
		</ingredients>
		<fixedIngredientFilter>
			<categories>
				<li>Medicine</li>
			</categories>
			<thingDefs>
				<li>CFSimpleAniSpine</li>
			</thingDefs>
		</fixedIngredientFilter>
		<appliedOnFixedBodyParts>
			<li>Spine</li>
		</appliedOnFixedBodyParts>
		<addsHediff>CFSimpleAniSpineHed</addsHediff>
	</RecipeDef>

		<RecipeDef ParentName="SurgeryCF_Simple">
		<defName>InstallCFSimpleAniEye</defName>
		<label>&lt;color=#99BADD&gt;Install prosthetic animal eye&lt;/color&gt;</label>
		<description>install prosthetic animal eye.</description>
		<workerClass>Recipe_InstallArtificialBodyPart</workerClass>
		<jobString>Installing prosthetic animal eye.</jobString>
		<ingredients>
			<li><filter><categories><li>Medicine</li></categories></filter><count>2</count></li>
			<li><filter><thingDefs><li>CFSimpleAniEye</li></thingDefs></filter><count>1</count></li>
		</ingredients>
		<fixedIngredientFilter>
			<categories>
				<li>Medicine</li>
			</categories>
			<thingDefs>
				<li>CFSimpleAniEye</li>
			</thingDefs>
		</fixedIngredientFilter>
		<appliedOnFixedBodyParts>
			<li>Eye</li>
		</appliedOnFixedBodyParts>
		<addsHediff>CFSimpleAniEyeHed</addsHediff>
	</RecipeDef>

		<RecipeDef ParentName="SurgeryCF_Simple">
		<defName>InstallCFSimpleAniJaw</defName>
		<label>&lt;color=#99BADD&gt;Install  prosthetic animal jaw&lt;/color&gt;</label>
		<description>install prosthetic animal jaw.</description>
		<workerClass>Recipe_InstallArtificialBodyPart</workerClass>
		<jobString>Installing prosthetic animal jaw.</jobString>
		<ingredients>
			<li><filter><categories><li>Medicine</li></categories></filter><count>2</count></li>
			<li><filter><thingDefs><li>CFSimpleAniJaw</li></thingDefs></filter><count>1</count></li>
		</ingredients>
		<fixedIngredientFilter>
			<categories>
				<li>Medicine</li>
			</categories>
			<thingDefs>
				<li>CFSimpleAniJaw</li>
			</thingDefs>
		</fixedIngredientFilter>
		<appliedOnFixedBodyParts>
			<li>AnimalJaw</li>
			<li>Beak</li>
			<li>SnakeMouth</li>
			<li>InsectMouth</li>
			<li>TurtleBeak</li>
		</appliedOnFixedBodyParts>
		<addsHediff>CFSimpleAniJawHed</addsHediff>
	</RecipeDef>
	
	<!-- ============================== BIONIC  PROT ============================== -->
	
	
	<RecipeDef ParentName="SurgeryCF_Bionic">
		<defName>InstallCFBionicAniPaw</defName>
		<label>&lt;color=#ADB3DB&gt;Install bionic animal leg&lt;/color&gt;</label>
		<description>install bionic animal leg.</description>
		<workerClass>Recipe_InstallArtificialBodyPart</workerClass>
		<jobString>Installing bionic animal leg.</jobString>
		<ingredients>
			<li><filter><categories><li>Medicine</li></categories></filter><count>3</count></li>
			<li><filter><thingDefs><li>CFBionicAniPaw</li></thingDefs></filter><count>1</count></li>
		</ingredients>
		<fixedIngredientFilter>
			<categories>
				<li>Medicine</li>
			</categories>
			<thingDefs>
				<li>CFBionicAniPaw</li>
			</thingDefs>
		</fixedIngredientFilter>
		<appliedOnFixedBodyParts>
			<li>InsectLeg</li>
			<li>Leg</li>
			<li>Shoulder</li>
		</appliedOnFixedBodyParts>
		<addsHediff>CFBionicAniPawHed</addsHediff>
	</RecipeDef>
	
		<RecipeDef ParentName="SurgeryCF_Bionic">
		<defName>InstallCFBionicAniSpine</defName>
		<label>&lt;color=#ADB3DB&gt;Install bionic animal spine&lt;/color&gt;</label>
		<description>install bionic animal spine.</description>
		<workerClass>Recipe_InstallArtificialBodyPart</workerClass>
		<jobString>Installing bionic animal spine.</jobString>
		<ingredients>
			<li><filter><categories><li>Medicine</li></categories></filter><count>3</count></li>
			<li><filter><thingDefs><li>CFBionicAniSpine</li></thingDefs></filter><count>1</count></li>
		</ingredients>
		<fixedIngredientFilter>
			<categories>
				<li>Medicine</li>
			</categories>
			<thingDefs>
				<li>CFBionicAniSpine</li>
			</thingDefs>
		</fixedIngredientFilter>
		<appliedOnFixedBodyParts>
			<li>Spine</li>
		</appliedOnFixedBodyParts>
		<addsHediff>CFBionicAniSpineHed</addsHediff>
	</RecipeDef>
	
	<RecipeDef ParentName="SurgeryCF_Bionic">
		<defName>InstallCFBionicAniEye</defName>
		<label>&lt;color=#ADB3DB&gt;Install bionic animal eye&lt;/color&gt;</label>
		<description>install bionic animal eye.</description>
		<workerClass>Recipe_InstallArtificialBodyPart</workerClass>
		<jobString>Installing bionic animal eye.</jobString>
		<ingredients>
			<li><filter><categories><li>Medicine</li></categories></filter><count>3</count></li>
			<li><filter><thingDefs><li>CFBionicAniEye</li></thingDefs></filter><count>1</count></li>
		</ingredients>
		<fixedIngredientFilter>
			<categories>
				<li>Medicine</li>
			</categories>
			<thingDefs>
				<li>CFBionicAniEye</li>
			</thingDefs>
		</fixedIngredientFilter>
		<appliedOnFixedBodyParts>
			<li>Eye</li>
		</appliedOnFixedBodyParts>
		<addsHediff>CFBionicAniEyeHed</addsHediff>
	</RecipeDef>
	
		<RecipeDef ParentName="SurgeryCF_Bionic">
		<defName>InstallCFBionicAniJaw</defName>
		<label>&lt;color=#ADB3DB&gt;Install bionic animal jaw&lt;/color&gt;</label>
		<description>install bionic animal jaw.</description>
		<workerClass>Recipe_InstallArtificialBodyPart</workerClass>
		<jobString>Installing bionic animal jaw.</jobString>
		<ingredients>
			<li><filter><categories><li>Medicine</li></categories></filter><count>3</count></li>
			<li><filter><thingDefs><li>CFBionicAniJaw</li></thingDefs></filter><count>1</count></li>
		</ingredients>
		<fixedIngredientFilter>
			<categories>
				<li>Medicine</li>
			</categories>
			<thingDefs>
				<li>CFBionicAniJaw</li>
			</thingDefs>
		</fixedIngredientFilter>
		<appliedOnFixedBodyParts>
			<li>AnimalJaw</li>
			<li>Beak</li>
			<li>SnakeMouth</li>
			<li>InsectMouth</li>
			<li>TurtleBeak</li>
		</appliedOnFixedBodyParts>
		<addsHediff>CFBionicAniJawHed</addsHediff>
	</RecipeDef>
	
	<RecipeDef ParentName="SurgeryCF_Bionic">
		<defName>InstallCFBionicAniChip</defName>
		<label>&lt;color=#ADB3DB&gt;Install animal brain implant&lt;/color&gt;</label>
		<description>install animal brain implant.</description>
		<workerClass>Recipe_InstallArtificialBodyPart</workerClass>
		<jobString>Installing animal brain implant.</jobString>
		<ingredients>
			<li><filter><categories><li>Medicine</li></categories></filter><count>3</count></li>
			<li><filter><thingDefs><li>CFBionicAniChip</li></thingDefs></filter><count>1</count></li>
		</ingredients>
		<fixedIngredientFilter>
			<categories>
				<li>Medicine</li>
			</categories>
			<thingDefs>
				<li>CFBionicAniChip</li>
			</thingDefs>
		</fixedIngredientFilter>
		<appliedOnFixedBodyParts>
			<li>Brain</li>
		</appliedOnFixedBodyParts>
		<addsHediff>CFBionicAniChipHed</addsHediff>
	</RecipeDef>
	
	
	<!-- ============================== BIONIC  ORG ============================== -->
	
		<RecipeDef ParentName="SurgeryCF_Bionic">
		<defName>InstallCFBionicAniHeart</defName>
		<label>&lt;color=#C0ADDB&gt;Install bionic animal heart&lt;/color&gt;</label>
		<description>install bionic animal heart.</description>
		<workerClass>Recipe_InstallArtificialBodyPart</workerClass>
		<jobString>Installing bionic animal heart.</jobString>
		<ingredients>
			<li><filter><categories><li>Medicine</li></categories></filter><count>3</count></li>
			<li><filter><thingDefs><li>CFBionicAniHeart</li></thingDefs></filter><count>1</count></li>
		</ingredients>
		<fixedIngredientFilter>
			<categories>
				<li>Medicine</li>
			</categories>
			<thingDefs>
				<li>CFBionicAniHeart</li>
			</thingDefs>
		</fixedIngredientFilter>
		<appliedOnFixedBodyParts>
			<li>Heart</li>
			<li>InsectHeart</li>
		</appliedOnFixedBodyParts>
		<addsHediff>CFBionicAniHeartHed</addsHediff>
	</RecipeDef>
	
		<RecipeDef ParentName="SurgeryCF_Bionic">
		<defName>InstallCFBionicAniLung</defName>
		<label>&lt;color=#C0ADDB&gt;Install bionic animal lung&lt;/color&gt;</label>
		<description>install bionic animal lung.</description>
		<workerClass>Recipe_InstallArtificialBodyPart</workerClass>
		<jobString>Installing bionic animal lung.</jobString>
		<ingredients>
			<li><filter><categories><li>Medicine</li></categories></filter><count>3</count></li>
			<li><filter><thingDefs><li>CFBionicAniLung</li></thingDefs></filter><count>1</count></li>
		</ingredients>
		<fixedIngredientFilter>
			<categories>
				<li>Medicine</li>
			</categories>
			<thingDefs>
				<li>CFBionicAniLung</li>
			</thingDefs>
		</fixedIngredientFilter>
		<appliedOnFixedBodyParts>
			<li>Lung</li>
		</appliedOnFixedBodyParts>
		<addsHediff>CFBionicAniLungHed</addsHediff>
	</RecipeDef>
	
		<RecipeDef ParentName="SurgeryCF_Bionic">
		<defName>InstallCFBionicAniKidney</defName>
		<label>&lt;color=#C0ADDB&gt;Install bionic animal kidney&lt;/color&gt;</label>
		<description>install bionic animal kidney.</description>
		<workerClass>Recipe_InstallArtificialBodyPart</workerClass>
		<jobString>Installing bionic animal kidney.</jobString>
		<ingredients>
			<li><filter><categories><li>Medicine</li></categories></filter><count>3</count></li>
			<li><filter><thingDefs><li>CFBionicAniKidney</li></thingDefs></filter><count>1</count></li>
		</ingredients>
		<fixedIngredientFilter>
			<categories>
				<li>Medicine</li>
			</categories>
			<thingDefs>
				<li>CFBionicAniKidney</li>
			</thingDefs>
		</fixedIngredientFilter>
		<appliedOnFixedBodyParts>
			<li>Kidney</li>
		</appliedOnFixedBodyParts>
		<addsHediff>CFBionicAniKidneyHed</addsHediff>
	</RecipeDef>
	
		<RecipeDef ParentName="SurgeryCF_Bionic">
		<defName>InstallCFBionicAniLiver</defName>
		<label>&lt;color=#C0ADDB&gt;Install bionic animal liver&lt;/color&gt;</label>
		<description>install bionic animal liver.</description>
		<workerClass>Recipe_InstallArtificialBodyPart</workerClass>
		<jobString>Installing bionic animal liver.</jobString>
		<ingredients>
			<li><filter><categories><li>Medicine</li></categories></filter><count>3</count></li>
			<li><filter><thingDefs><li>CFBionicAniLiver</li></thingDefs></filter><count>1</count></li>
		</ingredients>
		<fixedIngredientFilter>
			<categories>
				<li>Medicine</li>
			</categories>
			<thingDefs>
				<li>CFBionicAniLiver</li>
			</thingDefs>
		</fixedIngredientFilter>
		<appliedOnFixedBodyParts>
			<li>Liver</li>
		</appliedOnFixedBodyParts>
		<addsHediff>CFBionicAniLiverHed</addsHediff>
	</RecipeDef>
	
		<RecipeDef ParentName="SurgeryCF_Bionic">
		<defName>InstallCFBionicAniStomach</defName>
		<label>&lt;color=#C0ADDB&gt;Install bionic animal stomach&lt;/color&gt;</label>
		<description>install bionic animal stomach.</description>
		<workerClass>Recipe_InstallArtificialBodyPart</workerClass>
		<jobString>Installing bionic animal stomach.</jobString>
		<ingredients>
			<li><filter><categories><li>Medicine</li></categories></filter><count>3</count></li>
			<li><filter><thingDefs><li>CFBionicAniStomach</li></thingDefs></filter><count>1</count></li>
		</ingredients>
		<fixedIngredientFilter>
			<categories>
				<li>Medicine</li>
			</categories>
			<thingDefs>
				<li>CFBionicAniStomach</li>
			</thingDefs>
		</fixedIngredientFilter>
		<appliedOnFixedBodyParts>
			<li>Stomach</li>
		</appliedOnFixedBodyParts>
		<addsHediff>CFBionicAniStomachHed</addsHediff>
	</RecipeDef>
	
		<!-- ============================== ARCHO  PROT ============================== -->
		
		<RecipeDef ParentName="SurgeryCF_Archo">
		<defName>InstallCFArchoAniPaw</defName>
		<label>&lt;color=#CF9ED8&gt;Install Archotech animal leg&lt;/color&gt;</label>
		<description>install Archotech animal leg.</description>
		<workerClass>Recipe_InstallArtificialBodyPart</workerClass>
		<jobString>Installing Archotech animal leg.</jobString>
		<ingredients>
			<li><filter><categories><li>Medicine</li></categories></filter><count>4</count></li>
			<li><filter><thingDefs><li>CFArchoAniPaw</li></thingDefs></filter><count>1</count></li>
		</ingredients>
		<fixedIngredientFilter>
			<categories>
				<li>Medicine</li>
			</categories>
			<thingDefs>
				<li>CFArchoAniPaw</li>
			</thingDefs>
		</fixedIngredientFilter>
		<appliedOnFixedBodyParts>
			<li>InsectLeg</li>
			<li>Leg</li>
			<li>Shoulder</li>
		</appliedOnFixedBodyParts>
		<addsHediff>CFArchoAniPawHed</addsHediff>
	</RecipeDef>
	
		<RecipeDef ParentName="SurgeryCF_Archo">
		<defName>InstallCFArchoAniSpine</defName>
		<label>&lt;color=#CF9ED8&gt;Install Archotech animal spine&lt;/color&gt;</label>
		<description>install  Archotech animal spine.</description>
		<workerClass>Recipe_InstallArtificialBodyPart</workerClass>
		<jobString>Installing  Archotech animal spine.</jobString>
		<ingredients>
			<li><filter><categories><li>Medicine</li></categories></filter><count>4</count></li>
			<li><filter><thingDefs><li>CFArchoAniSpine</li></thingDefs></filter><count>1</count></li>
		</ingredients>
		<fixedIngredientFilter>
			<categories>
				<li>Medicine</li>
			</categories>
			<thingDefs>
				<li>CFArchoAniSpine</li>
			</thingDefs>
		</fixedIngredientFilter>
		<appliedOnFixedBodyParts>
			<li>Spine</li>
		</appliedOnFixedBodyParts>
		<addsHediff>CFArchoAniSpineHed</addsHediff>
	</RecipeDef>
	
		<RecipeDef ParentName="SurgeryCF_Archo">
		<defName>InstallCFArchoAniEye</defName>
		<label>&lt;color=#CF9ED8&gt;Install Archotech animal eye&lt;/color&gt;</label>
		<description>install Archotech animal eye.</description>
		<workerClass>Recipe_InstallArtificialBodyPart</workerClass>
		<jobString>Installing Archotech animal eye.</jobString>
		<ingredients>
			<li><filter><categories><li>Medicine</li></categories></filter><count>4</count></li>
			<li><filter><thingDefs><li>CFArchoAniEye</li></thingDefs></filter><count>1</count></li>
		</ingredients>
		<fixedIngredientFilter>
			<categories>
				<li>Medicine</li>
			</categories>
			<thingDefs>
				<li>CFArchoAniEye</li>
			</thingDefs>
		</fixedIngredientFilter>
		<appliedOnFixedBodyParts>
			<li>Eye</li>
		</appliedOnFixedBodyParts>
		<addsHediff>CFArchoAniEyeHed</addsHediff>
	</RecipeDef>
	
	<RecipeDef ParentName="SurgeryCF_Archo">
		<defName>InstallCFArchoAniJaw</defName>
		<label>&lt;color=#CF9ED8&gt;Install Archotech animal jaw&lt;/color&gt;</label>
		<description>install Archotech animal jaw.</description>
		<workerClass>Recipe_InstallArtificialBodyPart</workerClass>
		<jobString>Installing Archotech animal jaw.</jobString>
		<ingredients>
			<li><filter><categories><li>Medicine</li></categories></filter><count>4</count></li>
			<li><filter><thingDefs><li>CFArchoAniJaw</li></thingDefs></filter><count>1</count></li>
		</ingredients>
		<fixedIngredientFilter>
			<categories>
				<li>Medicine</li>
			</categories>
			<thingDefs>
				<li>CFArchoAniJaw</li>
			</thingDefs>
		</fixedIngredientFilter>
		<appliedOnFixedBodyParts>
			<li>AnimalJaw</li>
			<li>Beak</li>
			<li>SnakeMouth</li>
			<li>InsectMouth</li>
			<li>TurtleBeak</li>
		</appliedOnFixedBodyParts>
		<addsHediff>CFArchoAniJawHed</addsHediff>
	</RecipeDef>
	
		<RecipeDef ParentName="SurgeryCF_Archo">
		<defName>InstallCFArchoAniChip</defName>
		<label>&lt;color=#CF9ED8&gt;Install Archotech animal brain&lt;/color&gt;</label>
		<description>install Archotech animal brain.</description>
		<workerClass>Recipe_InstallArtificialBodyPart</workerClass>
		<jobString>Installing Archotech animal brain.</jobString>
		<ingredients>
			<li><filter><categories><li>Medicine</li></categories></filter><count>4</count></li>
			<li><filter><thingDefs><li>CFArchoAniChip</li></thingDefs></filter><count>1</count></li>
		</ingredients>
		<fixedIngredientFilter>
			<categories>
				<li>Medicine</li>
			</categories>
			<thingDefs>
				<li>CFArchoAniChip</li>
			</thingDefs>
		</fixedIngredientFilter>
		<appliedOnFixedBodyParts>
			<li>Brain</li>
		</appliedOnFixedBodyParts>
		<addsHediff>CFArchoAniChipHed</addsHediff>
	</RecipeDef>
	
	<!-- ============================== BATTLE  PROT ============================== -->
	
	<!--RecipeDef ParentName="SurgeryCF_Battle">
		<defName>InstallCFBattleAniPaw</defName>
		<label>&lt;color=#D16EA8&gt;Install animal leg battle booster&lt;/color&gt;</label>
		<description>install animal leg battle booster.</description>
		<workerClass>Recipe_InstallImplant</workerClass>
		<jobString>Installing animal leg battle booster.</jobString>
		<ingredients>
			<li><filter><categories><li>Medicine</li></categories></filter><count>3</count></li>
			<li><filter><thingDefs><li>CFBattleAniPaw</li></thingDefs></filter><count>1</count></li>
		</ingredients>
		<fixedIngredientFilter>
			<categories>
				<li>Medicine</li>
			</categories>
			<thingDefs>
				<li>CFBattleAniPaw</li>
			</thingDefs>
		</fixedIngredientFilter>
		<appliedOnFixedBodyParts>
			<li>InsectLeg</li>
			<li>Leg</li>
			<li>Shoulder</li>
		</appliedOnFixedBodyParts>
		<addsHediff>CFBattleAniPawHed</addsHediff>
	</RecipeDef-->
	
		<RecipeDef ParentName="SurgeryCF_Battle">
		<defName>InstallCFBattleAniBody</defName>
		<label>&lt;color=#D16EA8&gt;Install animal body battle booster&lt;/color&gt;</label>
		<description>install animal body battle booster.</description>
		<workerClass>Recipe_InstallImplant</workerClass>
		<jobString>Installing animal body battle booster.</jobString>
		<ingredients>
			<li><filter><categories><li>Medicine</li></categories></filter><count>3</count></li>
			<li><filter><thingDefs><li>CFBattleAniBody</li></thingDefs></filter><count>1</count></li>
		</ingredients>
		<fixedIngredientFilter>
			<categories>
				<li>Medicine</li>
			</categories>
			<thingDefs>
				<li>CFBattleAniBody</li>
			</thingDefs>
		</fixedIngredientFilter>
		<appliedOnFixedBodyParts>
			<li>Body</li>
			<li>Torso</li>
			<li>SnakeBody</li>
			<li>Shell</li>
			<li>TurtleShell</li>
		</appliedOnFixedBodyParts>
		<addsHediff>CFBattleAniBodyHed</addsHediff>
	</RecipeDef>
	
	<RecipeDef ParentName="SurgeryCF_Battle">
		<defName>InstallCFBattleAniHead</defName>
		<label>&lt;color=#D16EA8&gt;Install animal head battle booster&lt;/color&gt;</label>
		<description>install animal head battle booster.</description>
		<workerClass>Recipe_InstallImplant</workerClass>
		<jobString>Installing animal head battle booster.</jobString>
		<ingredients>
			<li><filter><categories><li>Medicine</li></categories></filter><count>3</count></li>
			<li><filter><thingDefs><li>CFBattleAniHead</li></thingDefs></filter><count>1</count></li>
		</ingredients>
		<fixedIngredientFilter>
			<categories>
				<li>Medicine</li>
			</categories>
			<thingDefs>
				<li>CFBattleAniHead</li>
			</thingDefs>
		</fixedIngredientFilter>
		<appliedOnFixedBodyParts>
			<li>Head</li>
			<li>SnakeHead</li>
			<li>InsectHead</li>
		</appliedOnFixedBodyParts>
		<addsHediff>CFBattleAniHeadHed</addsHediff>
	</RecipeDef>
	
		<RecipeDef ParentName="SurgeryCF_Battle">
		<defName>InstallCFBattleAniNeck</defName>
		<label>&lt;color=#D16EA8&gt;Install animal neck battle booster&lt;/color&gt;</label>
		<description>install animal neck battle booster.</description>
		<workerClass>Recipe_InstallImplant</workerClass>
		<jobString>Installing animal neck battle booster.</jobString>
		<ingredients>
			<li><filter><categories><li>Medicine</li></categories></filter><count>3</count></li>
			<li><filter><thingDefs><li>CFBattleAniNeck</li></thingDefs></filter><count>1</count></li>
		</ingredients>
		<fixedIngredientFilter>
			<categories>
				<li>Medicine</li>
			</categories>
			<thingDefs>
				<li>CFBattleAniNeck</li>
			</thingDefs>
		</fixedIngredientFilter>
		<appliedOnFixedBodyParts>
			<li>Neck</li>
		    <li>Pronotum</li>
		</appliedOnFixedBodyParts>
		<addsHediff>CFBattleAniNeckHed</addsHediff>
	</RecipeDef>
	
</Defs>
