﻿<?xml version="1.0" encoding="utf-8" ?>
<Defs>

	<ResearchProjectDef>
		<defName>SimpleProtsAnimalsCF</defName>
		<label>&lt;color=#84b0e0&gt;Animal Prosthetics&lt;/color&gt;</label>
		<description>Unlocks construction of an animal lab, allowing to make simple animal prostheses.</description>
		<baseCost>500</baseCost>
		<techLevel>Industrial</techLevel>
		<prerequisites>
			<li>Machining</li>
		</prerequisites>
		<researchViewX>8</researchViewX>
		<researchViewY>5.5</researchViewY>
	</ResearchProjectDef>

	
		<ResearchProjectDef>
		<defName>AdvancedProtsAnimalsCF</defName>
		<label>&lt;color=#828ddd&gt;Animal Bionics&lt;/color&gt;</label>
		<description>The research unlocks advanced bionic parts and organs for animals.</description>
		<baseCost>1800</baseCost>
		<techLevel>Spacer</techLevel>
		<prerequisites>
			<li>SimpleProtsAnimalsCF</li>
			<li>Fabrication</li>
		</prerequisites>
		<researchViewX>15</researchViewX>
		<researchViewY>5.5</researchViewY>
		<requiredResearchBuilding>HiTechResearchBench</requiredResearchBuilding>
	</ResearchProjectDef>
	
			<ResearchProjectDef>
		<defName>BattleBoostersAnimalsCF</defName>
		<label>&lt;color=#d3308f&gt;Battle boosters&lt;/color&gt;</label>
		<description>Allows to make body part battle boosters - enhancers which increase damage resistance of an animal by partly metallizing its bones and tissues.</description>
		<baseCost>2400</baseCost>
		<techLevel>Spacer</techLevel>
		<prerequisites>
			<li>AdvancedProtsAnimalsCF</li>
		</prerequisites>
		<researchViewX>16</researchViewX>
		<researchViewY>5.5</researchViewY>
		<requiredResearchBuilding>HiTechResearchBench</requiredResearchBuilding>
	</ResearchProjectDef>


	
</Defs>
